{
  "DELETE Updated User Request" : {
    "transaction" : "DELETE Updated User Request",
    "sampleCount" : 14,
    "errorCount" : 2,
    "errorPct" : 14.285714,
    "meanResTime" : 130.57142857142858,
    "medianResTime" : 130.0,
    "minResTime" : 126.0,
    "maxResTime" : 134.0,
    "pct1ResTime" : 134.0,
    "pct2ResTime" : 134.0,
    "pct3ResTime" : 134.0,
    "throughput" : 89.74358974358974,
    "receivedKBytesPerSec" : 32.73988381410256,
    "sentKBytesPerSec" : 18.12900641025641
  },
  "POST User Request" : {
    "transaction" : "POST User Request",
    "sampleCount" : 14,
    "errorCount" : 0,
    "errorPct" : 0.0,
    "meanResTime" : 2279.0,
    "medianResTime" : 2279.0,
    "minResTime" : 2279.0,
    "maxResTime" : 2279.0,
    "pct1ResTime" : 2279.0,
    "pct2ResTime" : 2279.0,
    "pct3ResTime" : 2279.0,
    "throughput" : 6.14304519526108,
    "receivedKBytesPerSec" : 2.387628894251865,
    "sentKBytesPerSec" : 2.2762176393154894
  },
  "DELETE Initial User Request" : {
    "transaction" : "DELETE Initial User Request",
    "sampleCount" : 14,
    "errorCount" : 0,
    "errorPct" : 0.0,
    "meanResTime" : 130.57142857142858,
    "medianResTime" : 129.0,
    "minResTime" : 128.0,
    "maxResTime" : 134.0,
    "pct1ResTime" : 134.0,
    "pct2ResTime" : 134.0,
    "pct3ResTime" : 134.0,
    "throughput" : 95.8904109589041,
    "receivedKBytesPerSec" : 36.226455479452056,
    "sentKBytesPerSec" : 19.370719178082194
  },
  "GET 404 User by Username Request (after Delete)" : {
    "transaction" : "GET 404 User by Username Request (after Delete)",
    "sampleCount" : 14,
    "errorCount" : 0,
    "errorPct" : 0.0,
    "meanResTime" : 128.14285714285714,
    "medianResTime" : 126.0,
    "minResTime" : 124.0,
    "maxResTime" : 135.0,
    "pct1ResTime" : 135.0,
    "pct2ResTime" : 135.0,
    "pct3ResTime" : 135.0,
    "throughput" : 86.41975308641975,
    "receivedKBytesPerSec" : 33.420138888888886,
    "sentKBytesPerSec" : 15.600887345679013
  },
  "PUT User Request" : {
    "transaction" : "PUT User Request",
    "sampleCount" : 14,
    "errorCount" : 0,
    "errorPct" : 0.0,
    "meanResTime" : 129.28571428571433,
    "medianResTime" : 128.0,
    "minResTime" : 126.0,
    "maxResTime" : 134.0,
    "pct1ResTime" : 134.0,
    "pct2ResTime" : 134.0,
    "pct3ResTime" : 134.0,
    "throughput" : 100.0,
    "receivedKBytesPerSec" : 38.86718749999999,
    "sentKBytesPerSec" : 37.820870535714285
  },
  "Total" : {
    "transaction" : "Total",
    "sampleCount" : 98,
    "errorCount" : 4,
    "errorPct" : 4.0816326,
    "meanResTime" : 436.9387755102038,
    "medianResTime" : 130.0,
    "minResTime" : 124.0,
    "maxResTime" : 2279.0,
    "pct1ResTime" : 2279.0,
    "pct2ResTime" : 2279.0,
    "pct3ResTime" : 2279.0,
    "throughput" : 27.880512091038405,
    "receivedKBytesPerSec" : 11.385913051209103,
    "sentKBytesPerSec" : 6.7484219416785205
  },
  "GET User by Username Request (after Create)" : {
    "transaction" : "GET User by Username Request (after Create)",
    "sampleCount" : 14,
    "errorCount" : 0,
    "errorPct" : 0.0,
    "meanResTime" : 129.57142857142856,
    "medianResTime" : 128.0,
    "minResTime" : 125.0,
    "maxResTime" : 136.0,
    "pct1ResTime" : 136.0,
    "pct2ResTime" : 136.0,
    "pct3ResTime" : 136.0,
    "throughput" : 102.18978102189782,
    "receivedKBytesPerSec" : 49.341354927007295,
    "sentKBytesPerSec" : 18.447764598540143
  },
  "GET Updated User by Username Request" : {
    "transaction" : "GET Updated User by Username Request",
    "sampleCount" : 14,
    "errorCount" : 2,
    "errorPct" : 14.285714,
    "meanResTime" : 131.42857142857142,
    "medianResTime" : 131.0,
    "minResTime" : 128.0,
    "maxResTime" : 135.0,
    "pct1ResTime" : 135.0,
    "pct2ResTime" : 135.0,
    "pct3ResTime" : 135.0,
    "throughput" : 92.10526315789473,
    "receivedKBytesPerSec" : 43.212890625,
    "sentKBytesPerSec" : 16.627261513157894
  }
}