{
  "DELETE Updated User Request" : {
    "transaction" : "DELETE Updated User Request",
    "sampleCount" : 14,
    "errorCount" : 0,
    "errorPct" : 0.0,
    "meanResTime" : 125.28571428571429,
    "medianResTime" : 125.0,
    "minResTime" : 121.0,
    "maxResTime" : 133.0,
    "pct1ResTime" : 133.0,
    "pct2ResTime" : 133.0,
    "pct3ResTime" : 133.0,
    "throughput" : 84.33734939759036,
    "receivedKBytesPerSec" : 31.861822289156624,
    "sentKBytesPerSec" : 17.036897590361445
  },
  "POST User Request" : {
    "transaction" : "POST User Request",
    "sampleCount" : 14,
    "errorCount" : 0,
    "errorPct" : 0.0,
    "meanResTime" : 2753.5714285714284,
    "medianResTime" : 2754.0,
    "minResTime" : 2751.0,
    "maxResTime" : 2755.0,
    "pct1ResTime" : 2755.0,
    "pct2ResTime" : 2755.0,
    "pct3ResTime" : 2755.0,
    "throughput" : 5.081669691470054,
    "receivedKBytesPerSec" : 1.9751020871143377,
    "sentKBytesPerSec" : 1.882940108892922
  },
  "DELETE Initial User Request" : {
    "transaction" : "DELETE Initial User Request",
    "sampleCount" : 14,
    "errorCount" : 0,
    "errorPct" : 0.0,
    "meanResTime" : 127.57142857142858,
    "medianResTime" : 127.0,
    "minResTime" : 125.0,
    "maxResTime" : 133.0,
    "pct1ResTime" : 133.0,
    "pct2ResTime" : 133.0,
    "pct3ResTime" : 133.0,
    "throughput" : 93.33333333333334,
    "receivedKBytesPerSec" : 35.26041666666667,
    "sentKBytesPerSec" : 18.854166666666668
  },
  "GET 404 User by Username Request (after Delete)" : {
    "transaction" : "GET 404 User by Username Request (after Delete)",
    "sampleCount" : 14,
    "errorCount" : 0,
    "errorPct" : 0.0,
    "meanResTime" : 128.71428571428572,
    "medianResTime" : 129.0,
    "minResTime" : 121.0,
    "maxResTime" : 139.0,
    "pct1ResTime" : 139.0,
    "pct2ResTime" : 139.0,
    "pct3ResTime" : 139.0,
    "throughput" : 78.65168539325842,
    "receivedKBytesPerSec" : 30.41608146067416,
    "sentKBytesPerSec" : 14.198560393258427
  },
  "PUT User Request" : {
    "transaction" : "PUT User Request",
    "sampleCount" : 14,
    "errorCount" : 0,
    "errorPct" : 0.0,
    "meanResTime" : 125.42857142857144,
    "medianResTime" : 125.0,
    "minResTime" : 121.0,
    "maxResTime" : 132.0,
    "pct1ResTime" : 132.0,
    "pct2ResTime" : 132.0,
    "pct3ResTime" : 132.0,
    "throughput" : 100.0,
    "receivedKBytesPerSec" : 38.86718749999999,
    "sentKBytesPerSec" : 37.820870535714285
  },
  "Total" : {
    "transaction" : "Total",
    "sampleCount" : 98,
    "errorCount" : 0,
    "errorPct" : 0.0,
    "meanResTime" : 502.0612244897959,
    "medianResTime" : 126.0,
    "minResTime" : 121.0,
    "maxResTime" : 2755.0,
    "pct1ResTime" : 2753.0,
    "pct2ResTime" : 2754.05,
    "pct3ResTime" : 2755.0,
    "throughput" : 26.386645126548196,
    "receivedKBytesPerSec" : 10.876287358642973,
    "sentKBytesPerSec" : 6.386834443995692
  },
  "GET User by Username Request (after Create)" : {
    "transaction" : "GET User by Username Request (after Create)",
    "sampleCount" : 14,
    "errorCount" : 0,
    "errorPct" : 0.0,
    "meanResTime" : 127.42857142857143,
    "medianResTime" : 126.0,
    "minResTime" : 123.0,
    "maxResTime" : 135.0,
    "pct1ResTime" : 135.0,
    "pct2ResTime" : 135.0,
    "pct3ResTime" : 135.0,
    "throughput" : 103.7037037037037,
    "receivedKBytesPerSec" : 50.07233796296296,
    "sentKBytesPerSec" : 18.721064814814813
  },
  "GET Updated User by Username Request" : {
    "transaction" : "GET Updated User by Username Request",
    "sampleCount" : 14,
    "errorCount" : 0,
    "errorPct" : 0.0,
    "meanResTime" : 126.42857142857143,
    "medianResTime" : 125.0,
    "minResTime" : 123.0,
    "maxResTime" : 133.0,
    "pct1ResTime" : 133.0,
    "pct2ResTime" : 133.0,
    "pct3ResTime" : 133.0,
    "throughput" : 89.17197452229298,
    "receivedKBytesPerSec" : 43.05583200636943,
    "sentKBytesPerSec" : 16.097730891719745
  }
}